participant_id,study
NM3356,SCHIZCONNECT-VIP
CH8095a,SCHIZCONNECT-VIP
CH7131b,SCHIZCONNECT-VIP
NM1023,SCHIZCONNECT-VIP
CC8726,SCHIZCONNECT-VIP
CC0475,SCHIZCONNECT-VIP
ESOP00060,PRAGUE
CC2430,SCHIZCONNECT-VIP
NM2017,SCHIZCONNECT-VIP
NM9798,SCHIZCONNECT-VIP
NM2075,SCHIZCONNECT-VIP
NM4618,SCHIZCONNECT-VIP
CC4094,SCHIZCONNECT-VIP
ESOC10084,PRAGUE
ds130281,SCHIZCONNECT-VIP
NM5277,SCHIZCONNECT-VIP
A00036049,SCHIZCONNECT-VIP
ESOC10053,PRAGUE
ESOC10015,PRAGUE
A00022592,SCHIZCONNECT-VIP
NM2102,SCHIZCONNECT-VIP
A00007409,SCHIZCONNECT-VIP
NM2025,SCHIZCONNECT-VIP
CC7926,SCHIZCONNECT-VIP
cf130139,SCHIZCONNECT-VIP
CC8323,SCHIZCONNECT-VIP
A00027537,SCHIZCONNECT-VIP
CH8701a,SCHIZCONNECT-VIP
hl100184,SCHIZCONNECT-VIP
A00022619,SCHIZCONNECT-VIP
CC5006,SCHIZCONNECT-VIP
A00020787,SCHIZCONNECT-VIP
en110309,SCHIZCONNECT-VIP
NM2016,SCHIZCONNECT-VIP
ESOC10040,PRAGUE
ib120411,SCHIZCONNECT-VIP
ESOP00098,PRAGUE
CC0325,SCHIZCONNECT-VIP
CC4431,SCHIZCONNECT-VIP
A00023590,SCHIZCONNECT-VIP
A00022687,SCHIZCONNECT-VIP
A00024663,SCHIZCONNECT-VIP
NM2105,SCHIZCONNECT-VIP
CC1085,SCHIZCONNECT-VIP
CC7760,SCHIZCONNECT-VIP
CC2199,SCHIZCONNECT-VIP
CC0949,SCHIZCONNECT-VIP
A00035485,SCHIZCONNECT-VIP
NM5231,SCHIZCONNECT-VIP
ESOC10077,PRAGUE
dk100082,SCHIZCONNECT-VIP
as100351,SCHIZCONNECT-VIP
ESOC10043,PRAGUE
ESOP00037,PRAGUE
NM0413,SCHIZCONNECT-VIP
CC9540,SCHIZCONNECT-VIP
A00037238,SCHIZCONNECT-VIP
NM2106,SCHIZCONNECT-VIP
NM2082,SCHIZCONNECT-VIP
NM1069,SCHIZCONNECT-VIP
A00023243,SCHIZCONNECT-VIP
CH7510b,SCHIZCONNECT-VIP
A00026945,SCHIZCONNECT-VIP
NM6385,SCHIZCONNECT-VIP
CC5111,SCHIZCONNECT-VIP
CC7910,SCHIZCONNECT-VIP
A00024372,SCHIZCONNECT-VIP
CH7930a,SCHIZCONNECT-VIP
CC1386,SCHIZCONNECT-VIP
ESOP00018,PRAGUE
NM2110,SCHIZCONNECT-VIP
A00027616,SCHIZCONNECT-VIP
CH8350b,SCHIZCONNECT-VIP
ESOP00043,PRAGUE
ESOC10022,PRAGUE
ESOC10026,PRAGUE
NM4038,SCHIZCONNECT-VIP
A00027391,SCHIZCONNECT-VIP
CH7307a,SCHIZCONNECT-VIP
ESOC10088,PRAGUE
ESOC10113,PRAGUE
NM8352,SCHIZCONNECT-VIP
A00037564,SCHIZCONNECT-VIP
NM6664,SCHIZCONNECT-VIP
A00000909,SCHIZCONNECT-VIP
A00022837,SCHIZCONNECT-VIP
A00024959,SCHIZCONNECT-VIP
ESOC10017,PRAGUE
CH8041b,SCHIZCONNECT-VIP
ESOC10054,PRAGUE
CH8883a,SCHIZCONNECT-VIP
ESOC10027,PRAGUE
A00001243,SCHIZCONNECT-VIP
A00024546,SCHIZCONNECT-VIP
yh100442,SCHIZCONNECT-VIP
NM2053,SCHIZCONNECT-VIP
cb110048,SCHIZCONNECT-VIP
CC3499,SCHIZCONNECT-VIP
CC4189,SCHIZCONNECT-VIP
CH8126b,SCHIZCONNECT-VIP
CC2263,SCHIZCONNECT-VIP
A00018553,SCHIZCONNECT-VIP
CC0486,SCHIZCONNECT-VIP
ESOC10067,PRAGUE
ESOC10072,PRAGUE
ESOP00042,PRAGUE
NM1009,SCHIZCONNECT-VIP
ESOC10006,PRAGUE
A00013216,SCHIZCONNECT-VIP
NM5079,SCHIZCONNECT-VIP
st110288,SCHIZCONNECT-VIP
ESOC10081,PRAGUE
NM2065,SCHIZCONNECT-VIP
NM1010,SCHIZCONNECT-VIP
NM1021,SCHIZCONNECT-VIP
CH8937a,SCHIZCONNECT-VIP
CC4183,SCHIZCONNECT-VIP
A00023131,SCHIZCONNECT-VIP
A00028408,SCHIZCONNECT-VIP
ESOC10110,PRAGUE
CC5562,SCHIZCONNECT-VIP
ESOC10070,PRAGUE
A00023866,SCHIZCONNECT-VIP
CH8335b,SCHIZCONNECT-VIP
NM1077,SCHIZCONNECT-VIP
ESOC10018,PRAGUE
ip100558,SCHIZCONNECT-VIP
CC0202,SCHIZCONNECT-VIP
CC3915,SCHIZCONNECT-VIP
A00028806,SCHIZCONNECT-VIP
ab100179,SCHIZCONNECT-VIP
CC8599,SCHIZCONNECT-VIP
A00028303,SCHIZCONNECT-VIP
A00011265,SCHIZCONNECT-VIP
CC1381,SCHIZCONNECT-VIP
A00024301,SCHIZCONNECT-VIP
NM1002,SCHIZCONNECT-VIP
sc100174,SCHIZCONNECT-VIP
NM9324,SCHIZCONNECT-VIP
ESOC10117,PRAGUE
A00023095,SCHIZCONNECT-VIP
ra100345,SCHIZCONNECT-VIP
CC3037,SCHIZCONNECT-VIP
CH7567b,SCHIZCONNECT-VIP
CH7059b,SCHIZCONNECT-VIP
A00018317,SCHIZCONNECT-VIP
A00014120,SCHIZCONNECT-VIP
ESOC10098,PRAGUE
A00016720,SCHIZCONNECT-VIP
NM8724,SCHIZCONNECT-VIP
A00024568,SCHIZCONNECT-VIP
A00036916,SCHIZCONNECT-VIP
CC8016,SCHIZCONNECT-VIP
CC4994,SCHIZCONNECT-VIP
ESOC10123,PRAGUE
ESOP00072,PRAGUE
NM2015,SCHIZCONNECT-VIP
NM2058,SCHIZCONNECT-VIP
nb130338,SCHIZCONNECT-VIP
CC6584,SCHIZCONNECT-VIP
CC1496,SCHIZCONNECT-VIP
NM2022,SCHIZCONNECT-VIP
CC6823,SCHIZCONNECT-VIP
NM1071,SCHIZCONNECT-VIP
A00014804,SCHIZCONNECT-VIP
CC0385,SCHIZCONNECT-VIP
jd110306,SCHIZCONNECT-VIP
A00029452,SCHIZCONNECT-VIP
NM2010,SCHIZCONNECT-VIP
CH7098a,SCHIZCONNECT-VIP
ESOP00010,PRAGUE
ESOC10082,PRAGUE
ra120073,SCHIZCONNECT-VIP
CH7458a,SCHIZCONNECT-VIP
CC2572,SCHIZCONNECT-VIP
ESOP00073,PRAGUE
rs090406,SCHIZCONNECT-VIP
CH8301a,SCHIZCONNECT-VIP
NM1072,SCHIZCONNECT-VIP
rs110014,SCHIZCONNECT-VIP
CH7193b,SCHIZCONNECT-VIP
A00021598,SCHIZCONNECT-VIP
NM5747,SCHIZCONNECT-VIP
NM6211,SCHIZCONNECT-VIP
NM1085,SCHIZCONNECT-VIP
A00004507,SCHIZCONNECT-VIP
A00014830,SCHIZCONNECT-VIP
A00015759,SCHIZCONNECT-VIP
bw100508,SCHIZCONNECT-VIP
ESOP00056,PRAGUE
NM1036,SCHIZCONNECT-VIP
ESOC10059,PRAGUE
ESOC10079,PRAGUE
A00018434,SCHIZCONNECT-VIP
CC9466,SCHIZCONNECT-VIP
NM1042,SCHIZCONNECT-VIP
A00022727,SCHIZCONNECT-VIP
fg130137,SCHIZCONNECT-VIP
A00023143,SCHIZCONNECT-VIP
A00028404,SCHIZCONNECT-VIP
CC9704,SCHIZCONNECT-VIP
CH8288a,SCHIZCONNECT-VIP
CC5000,SCHIZCONNECT-VIP
CH8476a,SCHIZCONNECT-VIP
A00036555,SCHIZCONNECT-VIP
CH7944a,SCHIZCONNECT-VIP
ESOC10023,PRAGUE
A00021072,SCHIZCONNECT-VIP
CH8410a,SCHIZCONNECT-VIP
A00016723,SCHIZCONNECT-VIP
CH7546a,SCHIZCONNECT-VIP
A00022500,SCHIZCONNECT-VIP
ESOC10075,PRAGUE
A00004087,SCHIZCONNECT-VIP
ef100424,SCHIZCONNECT-VIP
CC6115,SCHIZCONNECT-VIP
db100111,SCHIZCONNECT-VIP
CH7814b,SCHIZCONNECT-VIP
rc130124,SCHIZCONNECT-VIP
ESOC10115,PRAGUE
ESOC10090,PRAGUE
CC2825,SCHIZCONNECT-VIP
ESOP00079,PRAGUE
CC7537,SCHIZCONNECT-VIP
CH7674b,SCHIZCONNECT-VIP
ESOC10061,PRAGUE
NM6433,SCHIZCONNECT-VIP
CH8357,SCHIZCONNECT-VIP
sd100209,SCHIZCONNECT-VIP
CC3945,SCHIZCONNECT-VIP
A00034273,SCHIZCONNECT-VIP
CC8225,SCHIZCONNECT-VIP
A00029226,SCHIZCONNECT-VIP
A00022835,SCHIZCONNECT-VIP
NM6112,SCHIZCONNECT-VIP
CH7176a,SCHIZCONNECT-VIP
A00014898,SCHIZCONNECT-VIP
ESOC10087,PRAGUE
NM8659,SCHIZCONNECT-VIP
CH8413a,SCHIZCONNECT-VIP
A00015826,SCHIZCONNECT-VIP
NM2020,SCHIZCONNECT-VIP
NM1003,SCHIZCONNECT-VIP
A00024955,SCHIZCONNECT-VIP
A00024953,SCHIZCONNECT-VIP
CC7427,SCHIZCONNECT-VIP
A00025969,SCHIZCONNECT-VIP
NM1037,SCHIZCONNECT-VIP
ESOP00080,PRAGUE
CH2917,SCHIZCONNECT-VIP
ESOC10041,PRAGUE
ESOC10058,PRAGUE
A00014522,SCHIZCONNECT-VIP
CC8078,SCHIZCONNECT-VIP
CH7496a,SCHIZCONNECT-VIP
CC6838,SCHIZCONNECT-VIP
A00002198,SCHIZCONNECT-VIP
NM3455,SCHIZCONNECT-VIP
NM7465,SCHIZCONNECT-VIP
ESOP00036,PRAGUE
CC0239,SCHIZCONNECT-VIP
NM1089,SCHIZCONNECT-VIP
A00021085,SCHIZCONNECT-VIP
NM1070,SCHIZCONNECT-VIP
CH7779b,SCHIZCONNECT-VIP
CH8559b,SCHIZCONNECT-VIP
A00023132,SCHIZCONNECT-VIP
NM1014,SCHIZCONNECT-VIP
CH8541b,SCHIZCONNECT-VIP
CC1549,SCHIZCONNECT-VIP
NM2109,SCHIZCONNECT-VIP
NM5946,SCHIZCONNECT-VIP
CC0311,SCHIZCONNECT-VIP
NM2061,SCHIZCONNECT-VIP
A00020984,SCHIZCONNECT-VIP
CC0432,SCHIZCONNECT-VIP
CH8876b,SCHIZCONNECT-VIP
A00019293,SCHIZCONNECT-VIP
CC4202,SCHIZCONNECT-VIP
gb100352,SCHIZCONNECT-VIP
NM6224,SCHIZCONNECT-VIP
CC9911,SCHIZCONNECT-VIP
NM3215,SCHIZCONNECT-VIP
CH7616b,SCHIZCONNECT-VIP
NM1083,SCHIZCONNECT-VIP
NM7365,SCHIZCONNECT-VIP
A00022729,SCHIZCONNECT-VIP
CC3615,SCHIZCONNECT-VIP
am130237,SCHIZCONNECT-VIP
NM2028,SCHIZCONNECT-VIP
NM2094,SCHIZCONNECT-VIP
sb120301,SCHIZCONNECT-VIP
CH8853b,SCHIZCONNECT-VIP
ESOC10019,PRAGUE
CH8508a,SCHIZCONNECT-VIP
CC8197,SCHIZCONNECT-VIP
CH7353a,SCHIZCONNECT-VIP
A00009946,SCHIZCONNECT-VIP
CC8267,SCHIZCONNECT-VIP
CH7912a,SCHIZCONNECT-VIP
NM2078,SCHIZCONNECT-VIP
ESOC10031,PRAGUE
ad120188,SCHIZCONNECT-VIP
CH7316a,SCHIZCONNECT-VIP
CC9158,SCHIZCONNECT-VIP
CC5479,SCHIZCONNECT-VIP
A00024535,SCHIZCONNECT-VIP
A00038441,SCHIZCONNECT-VIP
NM1076,SCHIZCONNECT-VIP
jp100096,SCHIZCONNECT-VIP
CC9673,SCHIZCONNECT-VIP
CH8004a,SCHIZCONNECT-VIP
NM4764,SCHIZCONNECT-VIP
A00023800,SCHIZCONNECT-VIP
CC7295,SCHIZCONNECT-VIP
CC2442,SCHIZCONNECT-VIP
CC7335,SCHIZCONNECT-VIP
CC1197,SCHIZCONNECT-VIP
A00014719,SCHIZCONNECT-VIP
CC7570,SCHIZCONNECT-VIP
CC1570,SCHIZCONNECT-VIP
A00035751,SCHIZCONNECT-VIP
ESOC10057,PRAGUE
CC3803,SCHIZCONNECT-VIP
ESOC10060,PRAGUE
CH8926b,SCHIZCONNECT-VIP
NM4405,SCHIZCONNECT-VIP
ESOP00047,PRAGUE
CC2606,SCHIZCONNECT-VIP
CC7233,SCHIZCONNECT-VIP
CC8962,SCHIZCONNECT-VIP
ESOP00062,PRAGUE
CH8941a,SCHIZCONNECT-VIP
nn100220,SCHIZCONNECT-VIP
ESOC10035,PRAGUE
CC6681,SCHIZCONNECT-VIP
CC0873,SCHIZCONNECT-VIP
NM4443,SCHIZCONNECT-VIP
A00036897,SCHIZCONNECT-VIP
ESOP00013,PRAGUE
CC9044,SCHIZCONNECT-VIP
in100587,SCHIZCONNECT-VIP
ks100063,SCHIZCONNECT-VIP
A00001452,SCHIZCONNECT-VIP
CH7877a,SCHIZCONNECT-VIP
NM1001,SCHIZCONNECT-VIP
NM4522,SCHIZCONNECT-VIP
NM2104,SCHIZCONNECT-VIP
NM1080,SCHIZCONNECT-VIP
CC0717,SCHIZCONNECT-VIP
A00028410,SCHIZCONNECT-VIP
ESOC10106,PRAGUE
A00021081,SCHIZCONNECT-VIP
CC6167,SCHIZCONNECT-VIP
NM2086,SCHIZCONNECT-VIP
NM2085,SCHIZCONNECT-VIP
ESOP00086,PRAGUE
A00027787,SCHIZCONNECT-VIP
CC2881,SCHIZCONNECT-VIP
A00013140,SCHIZCONNECT-VIP
CH1840,SCHIZCONNECT-VIP
NM6285,SCHIZCONNECT-VIP
CH7264b,SCHIZCONNECT-VIP
ps100062,SCHIZCONNECT-VIP
NM4558,SCHIZCONNECT-VIP
A00031186,SCHIZCONNECT-VIP
A00018979,SCHIZCONNECT-VIP
A00019349,SCHIZCONNECT-VIP
NM0909,SCHIZCONNECT-VIP
CC8468,SCHIZCONNECT-VIP
A00016197,SCHIZCONNECT-VIP
CC9744,SCHIZCONNECT-VIP
ESOC10063,PRAGUE
ESOC10065,PRAGUE
ESOC10013,PRAGUE
me110290,SCHIZCONNECT-VIP
CC3421,SCHIZCONNECT-VIP
CC7028,SCHIZCONNECT-VIP
et100244,SCHIZCONNECT-VIP
ESOC10096,PRAGUE
A00018129,SCHIZCONNECT-VIP
A00027410,SCHIZCONNECT-VIP
A00028405,SCHIZCONNECT-VIP
mo120479,SCHIZCONNECT-VIP
jf130314,SCHIZCONNECT-VIP
NM5860,SCHIZCONNECT-VIP
CC8913,SCHIZCONNECT-VIP
ESOC10056,PRAGUE
ESOP00016,PRAGUE
A00009280,SCHIZCONNECT-VIP
ESOP00019,PRAGUE
NM1008,SCHIZCONNECT-VIP
A00037665,SCHIZCONNECT-VIP
A00031478,SCHIZCONNECT-VIP
CH3098,SCHIZCONNECT-VIP
CH8593b,SCHIZCONNECT-VIP
A00023120,SCHIZCONNECT-VIP
CC2038,SCHIZCONNECT-VIP
ac120269,SCHIZCONNECT-VIP
A00022509,SCHIZCONNECT-VIP
CH7272b,SCHIZCONNECT-VIP
ea130289,SCHIZCONNECT-VIP
A00012767,SCHIZCONNECT-VIP
cq100566,SCHIZCONNECT-VIP
NM8365,SCHIZCONNECT-VIP
CC9737,SCHIZCONNECT-VIP
CC2485,SCHIZCONNECT-VIP
mb120254,SCHIZCONNECT-VIP
A00024932,SCHIZCONNECT-VIP
ESOC10071,PRAGUE
NM2103,SCHIZCONNECT-VIP
ESOP00067,PRAGUE
ESOP00003,PRAGUE
A00022653,SCHIZCONNECT-VIP
CC9172,SCHIZCONNECT-VIP
A00037224,SCHIZCONNECT-VIP
ESOP00143,PRAGUE
A00023330,SCHIZCONNECT-VIP
NM2043,SCHIZCONNECT-VIP
sb100410,SCHIZCONNECT-VIP
jg120135,SCHIZCONNECT-VIP
CC4526,SCHIZCONNECT-VIP
A00023366,SCHIZCONNECT-VIP
NM9000,SCHIZCONNECT-VIP
mn100399,SCHIZCONNECT-VIP
ESOC10091,PRAGUE
A00015648,SCHIZCONNECT-VIP
CH7202b,SCHIZCONNECT-VIP
NM1029,SCHIZCONNECT-VIP
ce110502,SCHIZCONNECT-VIP
NM2091,SCHIZCONNECT-VIP
gb130351,SCHIZCONNECT-VIP
ESOC10030,PRAGUE
lb100540,SCHIZCONNECT-VIP
NM2079,SCHIZCONNECT-VIP
CH7562b,SCHIZCONNECT-VIP
A00000838,SCHIZCONNECT-VIP
CC9301,SCHIZCONNECT-VIP
CC7959,SCHIZCONNECT-VIP
A00023246,SCHIZCONNECT-VIP
ESOP00011,PRAGUE
ESOP00055,PRAGUE
CC2985,SCHIZCONNECT-VIP
CC5529,SCHIZCONNECT-VIP
A00014225,SCHIZCONNECT-VIP
ESOP00057,PRAGUE
NM1074,SCHIZCONNECT-VIP
A00020895,SCHIZCONNECT-VIP
NM8356,SCHIZCONNECT-VIP
NM6450,SCHIZCONNECT-VIP
A00038624,SCHIZCONNECT-VIP
CC4513,SCHIZCONNECT-VIP
NM1050,SCHIZCONNECT-VIP
CC6606,SCHIZCONNECT-VIP
CH7724b,SCHIZCONNECT-VIP
CC6687,SCHIZCONNECT-VIP
A00001251,SCHIZCONNECT-VIP
NM1082,SCHIZCONNECT-VIP
sc120079,SCHIZCONNECT-VIP
A00021145,SCHIZCONNECT-VIP
A00002405,SCHIZCONNECT-VIP
sl130123,SCHIZCONNECT-VIP
CH7614b,SCHIZCONNECT-VIP
ESOC10052,PRAGUE
A00015201,SCHIZCONNECT-VIP
ESOP00023,PRAGUE
ESOC10112,PRAGUE
NM2076,SCHIZCONNECT-VIP
CH8665b,SCHIZCONNECT-VIP
A00024198,SCHIZCONNECT-VIP
cc110116,SCHIZCONNECT-VIP
CC0683,SCHIZCONNECT-VIP
CC2191,SCHIZCONNECT-VIP
A00014590,SCHIZCONNECT-VIP
CC0197,SCHIZCONNECT-VIP
ESOC10114,PRAGUE
fg110188,SCHIZCONNECT-VIP
mi100054,SCHIZCONNECT-VIP
ESOC10101,PRAGUE
ESOC10025,PRAGUE
CH8043b,SCHIZCONNECT-VIP
CC6968,SCHIZCONNECT-VIP
ESOC10121,PRAGUE
ESOC10055,PRAGUE
CH8284b,SCHIZCONNECT-VIP
CC7648,SCHIZCONNECT-VIP
CH7869b,SCHIZCONNECT-VIP
ESOC10068,PRAGUE
CH7539a,SCHIZCONNECT-VIP
NM5920,SCHIZCONNECT-VIP
NM9055,SCHIZCONNECT-VIP
A00020968,SCHIZCONNECT-VIP
NM8228,SCHIZCONNECT-VIP
NM8247,SCHIZCONNECT-VIP
NM2052,SCHIZCONNECT-VIP
CH8461a,SCHIZCONNECT-VIP
CC7563,SCHIZCONNECT-VIP
A00024684,SCHIZCONNECT-VIP
A00006754,SCHIZCONNECT-VIP
ESOC10020,PRAGUE
ESOP00038,PRAGUE
ESOC10122,PRAGUE
A00024160,SCHIZCONNECT-VIP
A00037007,SCHIZCONNECT-VIP
ESOC10076,PRAGUE
A00023750,SCHIZCONNECT-VIP
CH8266b,SCHIZCONNECT-VIP
CC9878,SCHIZCONNECT-VIP
jj120270,SCHIZCONNECT-VIP
CC0857,SCHIZCONNECT-VIP
NM4869,SCHIZCONNECT-VIP
NM1005,SCHIZCONNECT-VIP
NM7298,SCHIZCONNECT-VIP
sp110461,SCHIZCONNECT-VIP
CC1960,SCHIZCONNECT-VIP
CC3125,SCHIZCONNECT-VIP
ESOC10105,PRAGUE
A00022490,SCHIZCONNECT-VIP
A00017147,SCHIZCONNECT-VIP
ESOC10066,PRAGUE
ip100526,SCHIZCONNECT-VIP
ESOP00061,PRAGUE
ESOC10049,PRAGUE
ag110315,SCHIZCONNECT-VIP
ESOP00076,PRAGUE
CC3958,SCHIZCONNECT-VIP
or130001,SCHIZCONNECT-VIP
CC7234,SCHIZCONNECT-VIP
CC7016,SCHIZCONNECT-VIP
A00024446,SCHIZCONNECT-VIP
ESOP00028,PRAGUE
A00023158,SCHIZCONNECT-VIP
CC6287,SCHIZCONNECT-VIP
A00014607,SCHIZCONNECT-VIP
sc110197,SCHIZCONNECT-VIP
ESOC10099,PRAGUE
A00023730,SCHIZCONNECT-VIP
CC7493,SCHIZCONNECT-VIP
ESOP00058,PRAGUE
ESOC10093,PRAGUE
NM1088,SCHIZCONNECT-VIP
ph120201,SCHIZCONNECT-VIP
CC1709,SCHIZCONNECT-VIP
A00031597,SCHIZCONNECT-VIP
ct100180,SCHIZCONNECT-VIP
A00019888,SCHIZCONNECT-VIP
ESOC10097,PRAGUE
ib130013,SCHIZCONNECT-VIP
NM2088,SCHIZCONNECT-VIP
CC9492,SCHIZCONNECT-VIP
CH7172a,SCHIZCONNECT-VIP
ESOP00078,PRAGUE
ye110322,SCHIZCONNECT-VIP
CC5892,SCHIZCONNECT-VIP
NM1086,SCHIZCONNECT-VIP
NM1087,SCHIZCONNECT-VIP
CC6476,SCHIZCONNECT-VIP
NM7655,SCHIZCONNECT-VIP
A00001181,SCHIZCONNECT-VIP
A00014839,SCHIZCONNECT-VIP
A00037318,SCHIZCONNECT-VIP
kb120176,SCHIZCONNECT-VIP
A00037619,SCHIZCONNECT-VIP
A00023848,SCHIZCONNECT-VIP
rc100441,SCHIZCONNECT-VIP
ESOC10051,PRAGUE
CH8930a,SCHIZCONNECT-VIP
CC9555,SCHIZCONNECT-VIP
hb140282,SCHIZCONNECT-VIP
ESOC10083,PRAGUE
A00026907,SCHIZCONNECT-VIP
NM2014,SCHIZCONNECT-VIP
NM7595,SCHIZCONNECT-VIP
ESOC10033,PRAGUE
NM9107,SCHIZCONNECT-VIP
CH8033a,SCHIZCONNECT-VIP
A00029486,SCHIZCONNECT-VIP
ESOC10085,PRAGUE
A00018403,SCHIZCONNECT-VIP
ESOC10108,PRAGUE
NM2029,SCHIZCONNECT-VIP
CC7583,SCHIZCONNECT-VIP
CC7436,SCHIZCONNECT-VIP
CH7718b,SCHIZCONNECT-VIP
CH7692a,SCHIZCONNECT-VIP
ESOP00034,PRAGUE
CH3183,SCHIZCONNECT-VIP
ESOC10021,PRAGUE
ESOP00075,PRAGUE
CC6182,SCHIZCONNECT-VIP
lb100374,SCHIZCONNECT-VIP
CC7774,SCHIZCONNECT-VIP
A00024228,SCHIZCONNECT-VIP
A00037034,SCHIZCONNECT-VIP
NM2057,SCHIZCONNECT-VIP
CC3493,SCHIZCONNECT-VIP
ESOP00033,PRAGUE
yp120253,SCHIZCONNECT-VIP
NM2001,SCHIZCONNECT-VIP
CH7668a,SCHIZCONNECT-VIP
NM1081,SCHIZCONNECT-VIP
NM1015,SCHIZCONNECT-VIP
A00028409,SCHIZCONNECT-VIP
ja110213,SCHIZCONNECT-VIP
NM2063,SCHIZCONNECT-VIP
pn110404,SCHIZCONNECT-VIP
ESOP00025,PRAGUE
ESOC10047,PRAGUE
CH8860b,SCHIZCONNECT-VIP
ESOC10095,PRAGUE
A00024820,SCHIZCONNECT-VIP
CH8001a,SCHIZCONNECT-VIP
NM2107,SCHIZCONNECT-VIP
ESOC10032,PRAGUE
A00020414,SCHIZCONNECT-VIP
NM2064,SCHIZCONNECT-VIP
ESOP00069,PRAGUE
A00035003,SCHIZCONNECT-VIP
CH8914b,SCHIZCONNECT-VIP
gg120175,SCHIZCONNECT-VIP
pb090397,SCHIZCONNECT-VIP
A00000456,SCHIZCONNECT-VIP
ESOC10092,PRAGUE
CC9628,SCHIZCONNECT-VIP
CC5041,SCHIZCONNECT-VIP
A00013816,SCHIZCONNECT-VIP
NM2084,SCHIZCONNECT-VIP
sb100083,SCHIZCONNECT-VIP
A00003150,SCHIZCONNECT-VIP
jm100300,SCHIZCONNECT-VIP
CC6437,SCHIZCONNECT-VIP
NM1020,SCHIZCONNECT-VIP
ak100028,SCHIZCONNECT-VIP
NM2031,SCHIZCONNECT-VIP
A00000368,SCHIZCONNECT-VIP
A00022915,SCHIZCONNECT-VIP
CC7911,SCHIZCONNECT-VIP
ig100256,SCHIZCONNECT-VIP
A00021591,SCHIZCONNECT-VIP
jl100038,SCHIZCONNECT-VIP
A00033214,SCHIZCONNECT-VIP
CC7019,SCHIZCONNECT-VIP
NM1022,SCHIZCONNECT-VIP
CC5989,SCHIZCONNECT-VIP
A00021058,SCHIZCONNECT-VIP
ESOC10124,PRAGUE
CH8519a,SCHIZCONNECT-VIP
ESOC10104,PRAGUE
ESOP00026,PRAGUE
ESOC10118,PRAGUE
ec100525,SCHIZCONNECT-VIP
CC5884,SCHIZCONNECT-VIP
CC0600,SCHIZCONNECT-VIP
NM2072,SCHIZCONNECT-VIP
NM1041,SCHIZCONNECT-VIP
CH7852a,SCHIZCONNECT-VIP
CC7960,SCHIZCONNECT-VIP
sf100462,SCHIZCONNECT-VIP
ESOC10120,PRAGUE
A00014636,SCHIZCONNECT-VIP
A00020602,SCHIZCONNECT-VIP
CH7831a,SCHIZCONNECT-VIP
A00012995,SCHIZCONNECT-VIP
ESOC10102,PRAGUE
NM6683,SCHIZCONNECT-VIP
ESOP00070,PRAGUE
CH8639a,SCHIZCONNECT-VIP
sj100040,SCHIZCONNECT-VIP
ESOC10073,PRAGUE
CH7875b,SCHIZCONNECT-VIP
ESOP00004,PRAGUE
CC7411,SCHIZCONNECT-VIP
NM1007,SCHIZCONNECT-VIP
ESOC10062,PRAGUE
ESOP00065,PRAGUE
A00017294,SCHIZCONNECT-VIP
ESOC10116,PRAGUE
NM4153,SCHIZCONNECT-VIP
kk100232,SCHIZCONNECT-VIP
CH8402b,SCHIZCONNECT-VIP
CC9940,SCHIZCONNECT-VIP
NM4194,SCHIZCONNECT-VIP
CC7872,SCHIZCONNECT-VIP
CH8201a,SCHIZCONNECT-VIP
CC6183,SCHIZCONNECT-VIP
A00037649,SCHIZCONNECT-VIP
CH7957,SCHIZCONNECT-VIP
A00022810,SCHIZCONNECT-VIP
mm110492,SCHIZCONNECT-VIP
NM2007,SCHIZCONNECT-VIP
mw130109,SCHIZCONNECT-VIP
CC2762,SCHIZCONNECT-VIP
CH8698b,SCHIZCONNECT-VIP
A00010684,SCHIZCONNECT-VIP
nv110179,SCHIZCONNECT-VIP
A00022400,SCHIZCONNECT-VIP
NM4756,SCHIZCONNECT-VIP
CH7259b,SCHIZCONNECT-VIP
ESOC10119,PRAGUE
jg100411,SCHIZCONNECT-VIP
NM1019,SCHIZCONNECT-VIP
CC4896,SCHIZCONNECT-VIP
CC7805,SCHIZCONNECT-VIP
ESOC10086,PRAGUE
A00036844,SCHIZCONNECT-VIP
am110212,SCHIZCONNECT-VIP
A00011725,SCHIZCONNECT-VIP
ESOC10074,PRAGUE
CC4882,SCHIZCONNECT-VIP
ns110166,SCHIZCONNECT-VIP
CC5065,SCHIZCONNECT-VIP
ESOC10036,PRAGUE
A00037495,SCHIZCONNECT-VIP
A00022773,SCHIZCONNECT-VIP
A00018716,SCHIZCONNECT-VIP
ab100404,SCHIZCONNECT-VIP
cm100208,SCHIZCONNECT-VIP
ESOC10039,PRAGUE
CC8165,SCHIZCONNECT-VIP
CC5721,SCHIZCONNECT-VIP
ESOP00006,PRAGUE
A00037854,SCHIZCONNECT-VIP
A00015518,SCHIZCONNECT-VIP
ESOC10089,PRAGUE
ESOC10069,PRAGUE
A00031764,SCHIZCONNECT-VIP
NM2111,SCHIZCONNECT-VIP
mb130153,SCHIZCONNECT-VIP
ESOP00051,PRAGUE
ef100097,SCHIZCONNECT-VIP
va110289,SCHIZCONNECT-VIP
A00000300,SCHIZCONNECT-VIP
NM1035,SCHIZCONNECT-VIP
A00028805,SCHIZCONNECT-VIP
CC8312,SCHIZCONNECT-VIP
INVD6ZD0BT2,BSNIP1
INVDT0UDAHE,BSNIP1
INVTHXYT2KZ,BSNIP1
INVEMGTWEDK,BSNIP1
INVK0UG6EF5,BSNIP1
INV6ZCJLX7G,BSNIP1
INVJ4BR9VN4,BSNIP1
INVMKVR4FPP,BSNIP1
INV937EPU3T,BSNIP1
INVYLWN72MV,BSNIP1
INVFHF33VYJ,BSNIP1
INV7Z4CUZ34,BSNIP1
INVBFKWKZ80,BSNIP1
INV2HPCB4EU,BSNIP1
INVX3FYN3J4,BSNIP1
INVA83DC8U2,BSNIP1
INVPC8AC66M,BSNIP1
INVP7G82B62,BSNIP1
INVFLXNDBLD,BSNIP1
INVWZ8UERH5,BSNIP1
INVY4V48VAE,BSNIP1
INVUUW64KXB,BSNIP1
INV943GFV29,BSNIP1
INVA85HXW0A,BSNIP1
INV0HGGUV9D,BSNIP1
INVE6M3K74P,BSNIP1
INV8D9CAF3M,BSNIP1
INVF62WFNF6,BSNIP1
INV76V07WF9,BSNIP1
INVMRWWVZ2H,BSNIP1
INV89625TBA,BSNIP1
INVTRVZL5YN,BSNIP1
INVK1K53W16,BSNIP1
INV6AVXF72B,BSNIP1
INV64HRZ0ZP,BSNIP1
INVDM24RJ5X,BSNIP1
INV3N9BPN0V,BSNIP1
INV9YC2V9ZE,BSNIP1
INV2CTC8934,BSNIP1
INVT752ACRL,BSNIP1
INVFK0BRY49,BSNIP1
INV77NJVA46,BSNIP1
INV8VVWK006,BSNIP1
INVF9CMEPPA,BSNIP1
INV5VN6XHAU,BSNIP1
INVT66521YK,BSNIP1
INVCUPPAB4K,BSNIP1
INV4FVBDHNG,BSNIP1
INVPY1PBEXW,BSNIP1
INVF26E21KU,BSNIP1
INVNY6E36A6,BSNIP1
INVL6HE9326,BSNIP1
INVXG3LH41K,BSNIP1
INVB003K59H,BSNIP1
INVR1NAR831,BSNIP1
INVTE398RA6,BSNIP1
INV70LW7F4U,BSNIP1
INVA0MR96EA,BSNIP1
INV4BRA1DJG,BSNIP1
INVEHYNPP5Z,BSNIP1
INVJHL6TWW7,BSNIP1
INV6HACCRCR,BSNIP1
INVXL9CJ5LX,BSNIP1
INV26JW9T73,BSNIP1
INV5783D3JD,BSNIP1
INV5C1VBBE7,BSNIP1
INVG8NJE5CN,BSNIP1
INV918GKX4J,BSNIP1
INVZR467366,BSNIP1
INV0AL14J6U,BSNIP1
INV6WLJ17LP,BSNIP1
INV2VTZ4FN3,BSNIP1
INVMR8JAEUJ,BSNIP1
INVDYPN9JK9,BSNIP1
INVMVGPL4EE,BSNIP1
INVBKWEEAP9,BSNIP1
INV0PJNXGAU,BSNIP1
INVBZBJFCVJ,BSNIP1
INV4L2EV3JA,BSNIP1
INVHRLM2K0F,BSNIP1
INVW5TVLKH1,BSNIP1
INV1G1WHAWA,BSNIP1
INVMK0K48C7,BSNIP1
INVJZCXJ8CP,BSNIP1
INV2Z6XB173,BSNIP1
INVU3RHEMJZ,BSNIP1
INVNP6XHART,BSNIP1
INVZDZL6Y4M,BSNIP1
INVXF7854BD,BSNIP1
INV5HDUG6R8,BSNIP1
INVVX4GVLUT,BSNIP1
INV4J42RYMY,BSNIP1
INVMCLF2K3T,BSNIP1
INV9053DDZJ,BSNIP1
INVDDP4EL2Y,BSNIP1
INVWMDJN553,BSNIP1
INVVFVHFH1K,BSNIP1
INV1WGER4TK,BSNIP1
INVB233VHH1,BSNIP1
INVLANV7LXV,BSNIP1
INV96TKZZDY,BSNIP1
INV6BKWREW3,BSNIP1
INV4FJBD19L,BSNIP1
INV4XHTBW9J,BSNIP1
INVDJ6JDF47,BSNIP1
INV8X0KZZH7,BSNIP1
INVXYWFE8JX,BSNIP1
INVUGGNA84X,BSNIP1
INVM24LPV8K,BSNIP1
INV6JL83AF9,BSNIP1
INV812HU2ZP,BSNIP1
INVFZZ967LD,BSNIP1
INV5FK68B4N,BSNIP1
INVXXJTAH5P,BSNIP1
INV99DKM47Z,BSNIP1
INVZNRAJUEM,BSNIP1
INVUATFP3R9,BSNIP1
INVE4541TJJ,BSNIP1
INVU7PBELYV,BSNIP1
INVYPJW8VW1,BSNIP1
INVHMTBNZTL,BSNIP1
INV6HPWCVVA,BSNIP1
INVP85547TP,BSNIP1
INVJ8KUVZ7Z,BSNIP1
INV798T767P,BSNIP1
INV8EARBZ9H,BSNIP1
INV09ZHCKN4,BSNIP1
INVBMJFLWB2,BSNIP1
INVVJNJ07E5,BSNIP1
INVFEN2KBMD,BSNIP1
INV11F2WA9D,BSNIP1
INV55R5NUL8,BSNIP1
INVKYWAZVCA,BSNIP1
INVL3DA3YWZ,BSNIP1
INVGWMVE6VX,BSNIP1
INV19YHXY5M,BSNIP1
INVVNUMJ0HJ,BSNIP1
INVHAHNP7RA,BSNIP1
INV11JMTY1C,BSNIP1
INV4LY9MPBY,BSNIP1
INVNR16BGWL,BSNIP1
INV9HP1FFFV,BSNIP1
INV1813C5X0,BSNIP1
INVMPH6AHMZ,BSNIP1
INV3MM0UP60,BSNIP1
INVEUZWLV8G,BSNIP1
INV2JMWAFZL,BSNIP1
INVAC8TENBY,BSNIP1
INVKF369ABN,BSNIP1
INV2D2YP8BC,BSNIP1
INV4ZDFWJMV,BSNIP1
INVPL2JHTRM,BSNIP1
INVDJL19GU1,BSNIP1
INVTBF7RLNK,BSNIP1
INVF0HEANLB,BSNIP1
INVKPRARUPU,BSNIP1
INVV1YKZFZY,BSNIP1
INV5H21DYEG,BSNIP1
INVZRR5UA6P,BSNIP1
INV5HRVVLLA,BSNIP1
INVJJJ2CJVV,BSNIP1
INVU7TB08D1,BSNIP1
INVHBX1UTXN,BSNIP1
INVFX3DMTD9,BSNIP1
INV515XBAH6,BSNIP1
INVUG5LM59V,BSNIP1
INV8H87DT2G,BSNIP1
INVWEWWX6FN,BSNIP1
INV35DD0LT2,BSNIP1
INV05AFGN2Z,BSNIP1
INVCBBE98XH,BSNIP1
INV0GMRPF29,BSNIP1
INVZF029LL8,BSNIP1
INVPGURC3ZT,BSNIP1
INV0LBH7NHX,BSNIP1
INVZZGLKTL4,BSNIP1
INVG82W6Y2M,BSNIP1
INVRKB5F5A8,BSNIP1
INVNBD2GKUT,BSNIP1
INVVTET0DU6,BSNIP1
INV0CF8E46F,BSNIP1
INVXYJB8WT3,BSNIP1
INVEM7PFX8C,BSNIP1
INVN4UK2LH5,BSNIP1
INV17T97C52,BSNIP1
INVV8N2T5ZM,BSNIP1
INV4GELHKZH,BSNIP1
INV7H8AX193,BSNIP1
INVHJEMWUPJ,BSNIP1
INVB5B9UJ8D,BSNIP1
INVGEUL3F5A,BSNIP1
INV89B0GTD8,BSNIP1
INV2ECJ7MW4,BSNIP1
INV6ZHU2CZ5,BSNIP1
INVYNPUAC43,BSNIP1
INVRCDHT8PL,BSNIP1
INV4CMCZBXA,BSNIP1
INV91ADVVYC,BSNIP1
INVEZ60G84L,BSNIP1
INVWRL02K0R,BSNIP1
INVHG5C7P9R,BSNIP1
INVMCUKV9P9,BSNIP1
INVGHTDTTCX,BSNIP1
INVNHWNXT8V,BSNIP1
INVMXA235KV,BSNIP1
INVMGJ3EL9H,BSNIP1
INVL60DLFFZ,BSNIP1
INVNGC4YRMA,BSNIP1
INV55EMX1LX,BSNIP1
INVK9GDELC4,BSNIP1
INVJY5CDPKN,BSNIP1
INV99H2F7T5,BSNIP1
INVHUUMFYFA,BSNIP1
INVJ8GHEEJK,BSNIP1
INV8ZUCMR8U,BSNIP1
INVCDXX20W3,BSNIP1
INV9L4Z5GM3,BSNIP1
INV0B7HKFAY,BSNIP1
INV3GFP1EVM,BSNIP1
INV0647UAN8,BSNIP1
INV6WJEBGB6,BSNIP1
INVFU6KYUU7,BSNIP1
INVNBXJ1NMJ,BSNIP1
INVRML6VLNA,BSNIP1
INV7K8BDPRL,BSNIP1
INVT4UMAT7Z,BSNIP1
INVWGR944RC,BSNIP1
INVM3WUPL0D,BSNIP1
INVRCC8D3DU,BSNIP1
INV6NAPE2K2,BSNIP1
INVVNXUUBVU,BSNIP1
INVYJP291C8,BSNIP1
INVL60L4YDX,BSNIP1
INVEBTBN3XN,BSNIP1
INVA2ZU7WPT,BSNIP1
INV2W241AJB,BSNIP1
INVPERN6AMG,BSNIP1
INVRURJY5U3,BSNIP1
INVD6PWKG3L,BSNIP1
INVNBJ68KUL,BSNIP1
INV4P16R2MZ,BSNIP1
INVUA7FRWF6,BSNIP1
INVPBJ4W5ME,BSNIP1
INVXPHNRCZP,BSNIP1
INVB8MUTVER,BSNIP1
INVX6HHLHTT,BSNIP1
INVRPBJ0V65,BSNIP1
INVNGPHDXNE,BSNIP1
INVXLLRH2GZ,BSNIP1
INVET7PY8LK,BSNIP1
INVK2KPCPY1,BSNIP1
INV4XHAB63E,BSNIP1
INV2RKLG02P,BSNIP1
INV5V47EC5V,BSNIP1
INVMKVJKD4E,BSNIP1
INVFWTY5879,BSNIP1
INVH8FU9HZ0,BSNIP1
INV25C66ABC,BSNIP1
INVZNPKMUDE,BSNIP1
INVAXFXDL66,BSNIP1
INVMNWB67ZZ,BSNIP1
INV725XDBLU,BSNIP1
INVMA8HKC7D,BSNIP1
INVPN16UBY5,BSNIP1
INVUWV0APE4,BSNIP1
INVV5VE234V,BSNIP1
INV8KECEAVD,BSNIP1
INVUK1K2EGP,BSNIP1
INV2VHAJ5VX,BSNIP1
INV10FT1VTB,BSNIP1
INVW0ZDCM0W,BSNIP1
INVDDCJCC5T,BSNIP1
INVRX9W34UT,BSNIP1
INVD0CUC7PL,BSNIP1
INVVJMR121K,BSNIP1
INVHX1JDE3J,BSNIP1
INV4AGWE0B4,BSNIP1
INV3Y013CA2,BSNIP1
INV6YJ1X3KF,BSNIP1
INVGMW6D841,BSNIP1
INVCFLP8ZXZ,BSNIP1
INVUJL36T91,BSNIP1
INVGNF8CYM9,BSNIP1
INV4KFDCZGM,BSNIP1
INVAX1E1L4P,BSNIP1
INV901592W6,BSNIP1
INVYLVX6CKK,BSNIP1
INVE2RF5UBG,BSNIP1
INV0WW10RBB,BSNIP1
INV82PYLGB7,BSNIP1
INV2C75ML18,BSNIP1
INVT2WK78K0,BSNIP1
INV2MJ6M28U,BSNIP1
INV2HAT066U,BSNIP1
INVGEJCGNZY,BSNIP1
INV15AXBKGA,BSNIP1
INV105GV384,BSNIP1
INVHMLY49VB,BSNIP1
INV7D75U3MT,BSNIP1
INVK2XNEUGP,BSNIP1
INVA9TMXNY5,BSNIP1
INVUG0XA88E,BSNIP1
INV497MJ3L8,BSNIP1
INVM3UY40P0,BSNIP1
INV5HA9X8XT,BSNIP1
INV07WT2ZL3,BSNIP1
INVD2WLEU6V,BSNIP1
INVU12MGG7J,BSNIP1
INVAC0X37GH,BSNIP1
INV6ZREV8DN,BSNIP1
INVBUM6E07L,BSNIP1
INVHWTD7MDH,BSNIP1
INVFCJNP8RV,BSNIP1
INVY4LX7WCB,BSNIP1
INVKYYATZRE,BSNIP1
INVXJ2VN5WD,BSNIP1
INV9NL8LG9J,BSNIP1
INVUY9L1555,BSNIP1
INVUADT081W,BSNIP1
INVYBBJJ666,BSNIP1
INVT40696KH,BSNIP1
INVLD61G3KT,BSNIP1
INVWNEN9BHZ,BSNIP1
INVP1FFVZHY,BSNIP1
INVDLBY6J2N,BSNIP1
INVW7R6JPL5,BSNIP1
INVMT87XBAH,BSNIP1
INVR3371BZ1,BSNIP1
INVR5CKZEU8,BSNIP1
INV29FDR1GE,BSNIP1
INVJ1TMPUDW,BSNIP1
INVA9XXM5FK,BSNIP1
INV1EJ9L5E9,BSNIP1
INV4LPV9YUV,BSNIP1
INV0Z4BT6H9,BSNIP1
INVTN1MNP4H,BSNIP1
INV2E4J99YU,BSNIP1
INVVXMZ37BL,BSNIP1
INVCARTPDC3,BSNIP1
INVPEABUDT4,BSNIP1
INVNUKYTXBL,BSNIP1
INVYW71BVBX,BSNIP1
INVUFYD1DHY,BSNIP1
INVWH7FGX6J,BSNIP1
INV2WWMECF3,BSNIP1
INVXN3RC4P0,BSNIP1
INVEZFPTHRR,BSNIP1
INV64AL1N24,BSNIP1
INVJ1398W5H,BSNIP1
INVCLT66LKD,BSNIP1
INVRYZJ72VB,BSNIP1
INV29UJ9KYH,BSNIP1
INVP8TKTHBT,BSNIP1
INVH53T3DF6,BSNIP1
INVEPLL738E,BSNIP1
INVP4NKALXD,BSNIP1
INVLLVN1RWG,BSNIP1
INV5FCF312N,BSNIP1
INVHWU8RAA8,BSNIP1
INV19580JZ8,BSNIP1
INVHB7WFP9E,BSNIP1
INVV3Y4CEUW,BSNIP1
INVGE89B2B8,BSNIP1
INVRB4B1JH0,BSNIP1
INV26N3XZLW,BSNIP1
INVGJBEBUCJ,BSNIP1
INVHFU4PLAK,BSNIP1
INVFGEAKUX9,BSNIP1
INVC6WHAVP1,BSNIP1
INV6W4P663Z,BSNIP1
INVUDKWWNFX,BSNIP1
INV6NFZR9Z7,BSNIP1
INV48E8J08H,BSNIP1
INVJT4HZEPJ,BSNIP1
INVGZWA49G7,BSNIP1
INVDA4PJZ81,BSNIP1
INVWVF7FDTX,BSNIP1
INVDFGYJAY8,BSNIP1
INVE41MXDD1,BSNIP1
INV9XW5YFLU,BSNIP1
INVH4LGZ0VX,BSNIP1
INVT9UM8EVU,BSNIP1
INVBLVPJFM8,BSNIP1
INVUCR5F8K9,BSNIP1
INVTJ6DFRKG,BSNIP1
INVCGHFBPAE,BSNIP1
INVEV741NKU,BSNIP1
INV4TKKTWZG,BSNIP1
INV8WT3HNR5,BSNIP1
INV2TA9J0N9,BSNIP1
INVTUXHNMGW,BSNIP1
INVVZNMB1HD,BSNIP1
INVCZPF4T84,BSNIP1
INVNY6GB5Z8,BSNIP1
INVL6MGHZPG,BSNIP1
INV54KPZ1AP,BSNIP1
INV315G2KF8,BSNIP1
INVDRR53K1Y,BSNIP1
INVPM085H01,BSNIP1
INVENJK68TH,BSNIP1
INVZ0KL2L95,BSNIP1
INVYC2BMHPC,BSNIP1
INV10WUFJMX,BSNIP1
INVCG2WY0CW,BSNIP1
INV2A30JDCV,BSNIP1
INV8EMULL1K,BSNIP1
INVHPYXAUDY,BSNIP1
INV2YCWA8YD,BSNIP1
INVGG8E4RBW,BSNIP1
INVP0W5RKT8,BSNIP1
INVVV2WYKK6,BSNIP1
INVJJ95UD8P,BSNIP1
INV2L8FE196,BSNIP1
INVNDTVBJ84,BSNIP1
INVH9F99CAT,BSNIP1
INV5PMX05EB,BSNIP1
INVG6C7HCBB,BSNIP1
INVZ3DTLE9E,BSNIP1
INVHPLZYRJ9,BSNIP1
INV2RYN49Y2,BSNIP1
INV6FVBE1AP,BSNIP1
INV42MGKHL7,BSNIP1
INV0KXCWYBC,BSNIP1
INV5UW7JVM9,BSNIP1
INVDVZXE87V,BSNIP1
INVE7JLJZC4,BSNIP1
INVFAL983ZP,BSNIP1
INVJWK2094T,BSNIP1
INVTYXV17E1,BSNIP1
INVMD4MZ0Y5,BSNIP1
INV224X2BFX,BSNIP1
INV056VJPL6,BSNIP1
INVCZY01PFH,BSNIP1
INVRUUNYDTR,BSNIP1
INV4N1R5HPL,BSNIP1
INV4WK4YPNF,BSNIP1
INVB65UTLVR,BSNIP1
INVUPJFW5FA,BSNIP1
INVEXHDNM7E,BSNIP1
INV2UK98FR5,BSNIP1
INVE94PNECZ,BSNIP1
INVEE6XVLKU,BSNIP1
INV4NCB5D9C,BSNIP1
INVCJJKXXMH,BSNIP1
INV2DKL11LB,BSNIP1
INV71G26UFP,BSNIP1
INVNLHAZAGG,BSNIP1
INVYXTEVN8B,BSNIP1
INVT7JE4R6B,BSNIP1
INVKB94N6U1,BSNIP1
INV5LXHAXWU,BSNIP1
INVU1326BDJ,BSNIP1
INV0XR5008N,BSNIP1
INVTMK8K5MU,BSNIP1
INVDHNWX8HF,BSNIP1
INV900VMA0U,BSNIP1
INV9UUF5CDL,BSNIP1
INVCWVGMBUJ,BSNIP1
INVEWB487LU,BSNIP1
INVY4YDGC69,BSNIP1
INVWDMNCMAX,BSNIP1
INVB3E768R3,BSNIP1
INV1BKERGYD,BSNIP1
INVF56950T8,BSNIP1
INVUYZFPNV9,BSNIP1
INVJ7RM77ZN,BSNIP1
INVBZAR595K,BSNIP1
INVC8XB5K10,BSNIP1
INVDNKZUZL4,BSNIP1
INVZ914JJE1,BSNIP1
INVHV12GTPX,BSNIP1
INV6C5ZZ6N9,BSNIP1
INVJT09U5EN,BSNIP1
INVF7FVD48H,BSNIP1
INVV9GN5G1U,BSNIP1
INVF0GFB78C,BSNIP1
INVBKEUWJR7,BSNIP1
INV63LUYT2C,BSNIP1
INV8L7XECAR,BSNIP1
INVGWJ2BL4C,BSNIP1
INV9DX1P8CD,BSNIP1
INV1LAV1M6U,BSNIP1
INV3F9LHGLV,BSNIP1
INVP2KMN87A,BSNIP1
INVXHC0VXNA,BSNIP1
INVKT3FUY8N,BSNIP1
INVP3DK7LUX,BSNIP1
INVPDCLELU6,BSNIP1
INVZJDY9PR0,BSNIP1
INV6GG8BG9T,BSNIP1
INVAWDGR5V1,BSNIP1
INVE82LXVZ3,BSNIP1
INVYYBGWY27,BSNIP1
INVPT0D7A2C,BSNIP1
INVEP2H01MN,BSNIP1
INVLBPL6JL5,BSNIP1
INVGYZPZ8GV,BSNIP1
INVVJ2B09YP,BSNIP1
INVMTW008LL,BSNIP1
INVU972NW9V,BSNIP1
INV2U1Y8RY3,BSNIP1
INV9LAJ294J,BSNIP1
INVAL9DX0XT,BSNIP1
INV7YE3CMCL,BSNIP1
INVLT2KGEA3,BSNIP1
INVDRM0RFWA,BSNIP1
INV68ARHKFU,BSNIP1
INVUY565G04,BSNIP1
INV4GZWMHFN,BSNIP1
INVRWW49Y6T,BSNIP1
INVW76X02MU,BSNIP1
INV7Y8CFKJW,BSNIP1
INVCZ9N0NFK,BSNIP1
INV66P5MVRD,BSNIP1
INVMDRV5MCW,BSNIP1
INV7A0PWZLE,BSNIP1
INVARFFL46V,BSNIP1
INV3VAME6FN,BSNIP1
INVTPFR83TF,BSNIP1
INVHWR4P7V1,BSNIP1
INVL9RKNJ4P,BSNIP1
INVJTZPYAM5,BSNIP1
INVECGL3MU5,BSNIP1
INV5UY15NYU,BSNIP1
INV8975Y3UU,BSNIP1
INVXCTE78GF,BSNIP1
INVZVZDT24E,BSNIP1
INVJWVCT4N0,BSNIP1
INVK44DKMFJ,BSNIP1
INVGZKGKVF4,BSNIP1
INVTYA4JNW2,BSNIP1
INV7VJB9UG1,BSNIP1
INV15Y53D2L,BSNIP1
INVKLV0MKWJ,BSNIP1
INVTM4YFJAT,BSNIP1
INVJ85655K6,BSNIP1
INVT2UANT9K,BSNIP1
INVVK17Y3YB,BSNIP1
INVR45PRXZB,BSNIP1
INVMR55PUG0,BSNIP1
INVEB9HU04J,BSNIP1
INVJL7H13LW,BSNIP1
INVVPP4WBUC,BSNIP1
INV49R18BG7,BSNIP1
INVW3C7K72N,BSNIP1
INVNGJHRRK0,BSNIP1
INVXR8L3WRZ,BSNIP1
INV2JB1Y8WY,BSNIP1
INVXL6GEWC9,BSNIP1
INVCNER7NYG,BSNIP1
INV3VFZL1NE,BSNIP1
INVAJV2ATNA,BSNIP1
INVYCUE7YC6,BSNIP1
INV51RRJCLF,BSNIP1
INVHPZX6EFR,BSNIP1
INVG18GZFTA,BSNIP1
INVF6ZDPYYC,BSNIP1
INV812KJU3M,BSNIP1
INV5XA7G6NY,BSNIP1
INVXGRN6YP3,BSNIP1
INV8KMVGXTY,BSNIP1
INVKJNGCC28,BSNIP1
INVJFWJE0F2,BSNIP1
INVCXAD0KCF,BSNIP1
INVYENZW0P7,BSNIP1
INV0NZ2AJ6W,BSNIP1
INVR8VG8B5Y,BSNIP1
INVBUPFT77T,BSNIP1
INVD5N03V0U,BSNIP1
INVJVX4EMB8,BSNIP1
INV6T5U9DNA,BSNIP1
INV1HXNTXYF,BSNIP1
INVBM5UZ65A,BSNIP1
INVFKNTFGU4,BSNIP1
INV2BPYG832,BSNIP1
INVCR19ZHDF,BSNIP1
INV9MTEG2LX,BSNIP1
INVYWBU04VG,BSNIP1
INVM3KPDYD6,BSNIP1
INVN1JAH3UC,BSNIP1
INV8E40CF4H,BSNIP1
INVCCCW7FUW,BSNIP1
INV5TDTH4X9,BSNIP1
INVBFA5CPXU,BSNIP1
INVC7ZELNTD,BSNIP1
INV6NYR91TX,BSNIP1
INVU1L1V9ZF,BSNIP1
INV2EEARPKW,BSNIP1
INVLGL63EN4,BSNIP1
INV8CD2KB5T,BSNIP1
INVC9403APC,BSNIP1
INVKX6FC46M,BSNIP1
INVGA0XJULZ,BSNIP1
INVT4F1FF0Z,BSNIP1
INVPPGN6A8A,BSNIP1
INVUA344ELV,BSNIP1
INVGGLFM3Z3,BSNIP1
INVMH8XR79V,BSNIP1
INV09TTKEXG,BSNIP1
INVLRCTBTZL,BSNIP1
INV32Z02GRZ,BSNIP1
INV1Y58RCD1,BSNIP1
INVPHH2K72K,BSNIP1
INV9XVG94Y6,BSNIP1
INVJ1PB0NMM,BSNIP1
INVFVC19T3D,BSNIP1
INVWJ3ZZMN9,BSNIP1
INV2U5EM36E,BSNIP1
INVVR6DX9N6,BSNIP1
INV1AE67HC0,BSNIP1
INVKY1HYRJZ,BSNIP1
INVEZ1KVC85,BSNIP1
INVDHXN8BUK,BSNIP1
INVHRWZZDB3,BSNIP1
INVZD1334A6,BSNIP1
INVK0AB9Z4X,BSNIP1
INV2FNT3BRF,BSNIP1
INV5U7LZPLA,BSNIP1
INVF4BU9BLR,BSNIP1
INVRFUG8EG6,BSNIP1
INV11LD79PN,BSNIP1
INV5WWWE7HL,BSNIP1
INVC1P26E98,BSNIP1
INVP3UVY2T5,BSNIP1
INVMH0YE6B8,BSNIP1
INVBMGW8MDK,BSNIP1
INV2WYECD9K,BSNIP1
INVCHTNF7UX,BSNIP1
INVBATDPRHG,BSNIP1
INVCEH8T2K6,BSNIP1
INVV1L6JGT3,BSNIP1
INVNXC23FHD,BSNIP1
INV41E1WMVM,BSNIP1
INVTPDL3FHD,BSNIP1
INVEAXEDFUC,BSNIP1
INV71DN3VUY,BSNIP1
INV8ZKABZRN,BSNIP1
INVN6PXWCMT,BSNIP1
INVZBW8CC34,BSNIP1
INVX3AK57MP,BSNIP1
INV5WFNEU0F,BSNIP1
INVAJ8L9KUD,BSNIP1
INVBZ0TJ7UP,BSNIP1
INVDDT35FBU,BSNIP1
INV9TJ6XL0F,BSNIP1
INVRPTZA7RY,BSNIP1
INVUBMXEB2Y,BSNIP1
INVMZYBBHNL,BSNIP1
INVX1GAW8V6,BSNIP1
INV7FWTR9EM,BSNIP1
INVGFFH11XR,BSNIP1
INV027JRF0P,BSNIP1
INVTD2Y72EW,BSNIP1
INVFC3Y55UU,BSNIP1
INVRK8B69VU,BSNIP1
INVJE0M6DCL,BSNIP1
INVLM0PXNDE,BSNIP1
INVXBEVN2KT,BSNIP1
INVHLW34HYR,BSNIP1
INV8E62WHVE,BSNIP1
INVAMB1NBBH,BSNIP1
INVKMHU5AW2,BSNIP1
INV6W32793C,BSNIP1
INVNJBUTMJN,BSNIP1
INV5DK98BXL,BSNIP1
INVUA4B4DLE,BSNIP1
INV2E32DE6B,BSNIP1
INVAUGTHUC7,BSNIP1
INVBP32ZCLZ,BSNIP1
INVV1TBAW8A,BSNIP1
INV0PHJ7BTW,BSNIP1
INV3WWL2XEH,BSNIP1
INV4ZP53J51,BSNIP1
INVTBJ05BE8,BSNIP1
INVE0X2V0GZ,BSNIP1
INVVC9DLH8U,BSNIP1
INVWDV44ABX,BSNIP1
INV96E5JZ7C,BSNIP1
INVYFYAL2U1,BSNIP1
INVARCDH29V,BSNIP1
INVWMNPR4PC,BSNIP1
INVGH4ZRZ2U,BSNIP1
INVRMJHYMN4,BSNIP1
INVCVMMHNMV,BSNIP1
INVHF70XTFE,BSNIP1
INV6A5TUB4A,BSNIP1
INVGDZUTBDU,BSNIP1
INVARMN3MDC,BSNIP1
INV1MC17JLN,BSNIP1
INVBVRD96YL,BSNIP1
INV8ECRJ6TJ,BSNIP1
INV0L39FTB8,BSNIP1
INV5V11KD2W,BSNIP1
INVE9LTGPZC,BSNIP1
INVK4HB8HEX,BSNIP1
INVKW9D1PX4,BSNIP1
INVY29A0Z0L,BSNIP1
INVLCN76523,BSNIP1
INVUFYZ6BND,BSNIP1
INVMPX1KM42,BSNIP1
INV8H2L313T,BSNIP1
INVA3W1GBVK,BSNIP1
INVAF1CGUTG,BSNIP1
INV9AX4562E,BSNIP1
INV32MHXGCY,BSNIP1
INVE7VH3PXM,BSNIP1
INVU6615CZX,BSNIP1
INVJ7GBZ7ND,BSNIP1
INV8H2FPFKB,BSNIP1
INVN8P57WRW,BSNIP1
INVNFXWJ839,BSNIP1
INV48EAGJ39,BSNIP1
INV9C65L1XA,BSNIP1
INV2ZMHWNKA,BSNIP1
INVWLRENKFL,BSNIP1
INVW55MU8D2,BSNIP1
INV75JJ8U79,BSNIP1
INV72530YM1,BSNIP1
INVJ0Z3JZGF,BSNIP1
INVCLT9DK2W,BSNIP1
INVH170JGEK,BSNIP1
INVWE958EAU,BSNIP1
INVX891KJF9,BSNIP1
INVR9H9CGHM,BSNIP1
INV69TL2UF5,BSNIP1
INV7PN5J29U,BSNIP1
INVVZWTT5D1,BSNIP1
INVRB1F3MW7,BSNIP1
INVLAYCVAWG,BSNIP1
INV8CXXU2RH,BSNIP1
INVWMBUFC6Y,BSNIP1
INVWFWV3C1H,BSNIP1
INV5XGJ4PZA,BSNIP1
INV6MG0MA3E,BSNIP1
INVUYJ6BDA4,BSNIP1
INVYF12NKWH,BSNIP1
INV7V2ACR47,BSNIP1
INVYB527HA7,BSNIP1
INVCT3V0VCF,BSNIP1
INVP7MF6UPB,BSNIP1
INV5H011F3X,BSNIP1
INVAK300M4G,BSNIP1
INVGT3HTH4G,BSNIP1
INV5NUN23CN,BSNIP1
INV85VZYDRM,BSNIP1
INVKWC22FGA,BSNIP1
INVV5Y9NBUG,BSNIP1
INV27G4X8HP,BSNIP1
INV8RFEMPC8,BSNIP1
INVYNFLVFKH,BSNIP1
INV8F04MZ4Y,BSNIP1
INV4XEEDHFH,BSNIP1
INVWC0E4605,BSNIP1
INVR93D8BYY,BSNIP1
INV7U2A6KF9,BSNIP1
INVF1YAKN3D,BSNIP1
INV611RF9HY,BSNIP1
INVP8KCV0WC,BSNIP1
INV3UPCE886,BSNIP1
INV47EVTF68,BSNIP1
INV9NRFY821,BSNIP1
INV1ZZGAK86,BSNIP1
INVCCVH7VMJ,BSNIP1
INVBZGWP7AG,BSNIP1
INVFPH444YF,BSNIP1
INVBMJNWHND,BSNIP1
INVBX6FVFRG,BSNIP1
INVZ23C313X,BSNIP1
INVA6E2UNV2,BSNIP1
INVKMZW3TZJ,BSNIP1
INVM0H9UC11,BSNIP1
INVDTH6AXHA,BSNIP1
INV8BRF20ZY,BSNIP1
INVXN6ZM5VH,BSNIP1
INVEPU530X9,BSNIP1
INV65MBF5YK,BSNIP1
INV0H6CU3DH,BSNIP1
INVRX9WUF6M,BSNIP1
INV5803TA7G,BSNIP1
INVCKKWW1BH,BSNIP1
INV5PWCRR2C,BSNIP1
INVF5B8HDR4,BSNIP1
INVKYLMNMHN,BSNIP1
INV8DVCNM0U,BSNIP1
INV4FRH8AGB,BSNIP1
INVD9UW0GA5,BSNIP1
INV0PPF7FXZ,BSNIP1
INVH2966CF1,BSNIP1
INVY8VZ6NLL,BSNIP1
INV5EFE93NB,BSNIP1
INVFRPLVK85,BSNIP1
INVRX9ZZTK3,BSNIP1
INVRW1B56J1,BSNIP1
INVYH57DNZU,BSNIP1
INVLZNDNZJA,BSNIP1
INVL045HEHN,BSNIP1
INVAMUZFD5D,BSNIP1
INV1UZC0ZPJ,BSNIP1
INV7ACRD6KL,BSNIP1
INVMND5D45T,BSNIP1
INVZL5AW4AP,BSNIP1
INVRDADA56X,BSNIP1
INVKAXDZY0L,BSNIP1
INVMP60WZ0K,BSNIP1
INV44M03ZL5,BSNIP1
INV2M5HYUT8,BSNIP1
INV2FLGWBVV,BSNIP1
INVJB92GRL2,BSNIP1
INV4VT0BXNL,BSNIP1
INVAW0U9MZ5,BSNIP1
INVL85D03YE,BSNIP1
INVJ677FK5G,BSNIP1
INV5D4V7EVE,BSNIP1
INVY84FXW74,BSNIP1
INVNBZ5W5RZ,BSNIP1
INVX0BZPV85,BSNIP1
INV9HDD5FNK,BSNIP1
INV73LCFGEZ,BSNIP1
INV1YZZXEWF,BSNIP1
INVDANM9H74,BSNIP1
INV54D9JEGF,BSNIP1
INVNWFENL9J,BSNIP1
INV82B7T2CC,BSNIP1
INVJC773U9P,BSNIP1
INV2LR63NG1,BSNIP1
INV1W6YK7WR,BSNIP1
INV23XFB3ZA,BSNIP1
INVYU1VDD14,BSNIP1
INVV10T384V,BSNIP1
INV49VM3VZG,BSNIP1
INV55WRBHP3,BSNIP1
INVDPWTWK22,BSNIP1
INV8VGVZ2D5,BSNIP1
INVDR0RV0W3,BSNIP1
INV22KFTD88,BSNIP1
INVG2C8B8DW,BSNIP1
INVY85MKFDE,BSNIP1
INVMRD83TEC,BSNIP1
INVM7ZZPBL8,BSNIP1
INV7DL3EL0P,BSNIP1
INVW9A4D72F,BSNIP1
INVMTVP9EBX,BSNIP1
INVCF2AVB6T,BSNIP1
INV57KXWH5L,BSNIP1
INV78W4AJGB,BSNIP1
INVDZ8MTLM2,BSNIP1
INVUZNG7PJ0,BSNIP1
INV5T2FPT5D,BSNIP1
INVCDD7RUMC,BSNIP1
INVU4EUGVF3,BSNIP1
INVYYJRTREA,BSNIP1
INV132W9267,BSNIP1
INVAGF7DWWN,BSNIP1
INVGBXTRJBD,BSNIP1
INV17T0KUU8,BSNIP1
INV8EEL0E32,BSNIP1
INVPHW58BW0,BSNIP1
INVNXJR9U38,BSNIP1
INVM0LFAATB,BSNIP1
INVL2D3J3RA,BSNIP1
INVKWKAFHMG,BSNIP1
INVUDBY0P98,BSNIP1
INV6DXEJ84Z,BSNIP1
INV7R8TPHEH,BSNIP1
INVBAF533N8,BSNIP1
INVWKGVPGP7,BSNIP1
INVZRHZHE75,BSNIP1
INVHF03UF3L,BSNIP1
INV72K6DKUY,BSNIP1
INVMFFR8EN6,BSNIP1
INVH0JKNJV8,BSNIP1
INVR1X1BJXH,BSNIP1
INV4Y2HBLN2,BSNIP1
INV7JB6WYCL,BSNIP1
INVFXG2YAXM,BSNIP1
INVV5XMNDV4,BSNIP1
INVTTXHFA83,BSNIP1
INVEVN92PMJ,BSNIP1
INV8Z063JA1,BSNIP1
INVUF2X6E91,BSNIP1
INVJPTKH2PV,BSNIP1
INV1UGL9XYP,BSNIP1
INV8317L2EY,BSNIP1
INVD9PHPXP1,BSNIP1
INVBGFWLRX0,BSNIP1
INV95JFLU47,BSNIP1
INVKRJHTU6E,BSNIP1
INV3UWYM6LH,BSNIP1
INV7MXP1NG3,BSNIP1
INVX4T5ZXK2,BSNIP1
INV4YMNL9AX,BSNIP1
INV3XHCN2GH,BSNIP1
INVAEE3KFZ8,BSNIP1
INVK36ZPT3B,BSNIP1
INVUTU4J7TC,BSNIP1
INVAYNGYD5U,BSNIP1
INV9X5CVC5Y,BSNIP1
INVXNDFGZB3,BSNIP1
INVGH3M5AHU,BSNIP1
INV6B4W1BDT,BSNIP1
INVN5VAXCK4,BSNIP1
INVFHJ5UTBN,BSNIP1
INV0UCW6PWZ,BSNIP1
INV77JBGWZY,BSNIP1
INVR3WTHX9T,BSNIP1
INV2V137N14,BSNIP1
INV4AA7CCGL,BSNIP1
INVMCFMDKE4,BSNIP1
INVJYLL2VW1,BSNIP1
INVAPHKLMDP,BSNIP1
INVYXC8YXFW,BSNIP1
INVVB14LLNJ,BSNIP1
INV1EP7FFT6,BSNIP1
INVWAW96MH5,BSNIP1
INVBHRLWG33,BSNIP1
INV10CD6EBR,BSNIP1
INVJEK89D0H,BSNIP1
INVF45D715C,BSNIP1
INVUCDEMTLL,BSNIP1
INVWCK9FDZX,BSNIP1
INVT9171H6E,BSNIP1
INVJUJ8DW2N,BSNIP1
INVM84ZW8T6,BSNIP1
INVHJ9HUCA5,BSNIP1
INVNEW5BPVL,BSNIP1
INV7LYBFR8T,BSNIP1
INVZ5LCNN27,BSNIP1
INVJ4J5A248,BSNIP1
INVBG6KL0PR,BSNIP1
INV5GA0NPX1,BSNIP1
INVYRLXKFRP,BSNIP1
INVWJN9JW0W,BSNIP1
INVHUCYP2L9,BSNIP1
INVNADMV8ZE,BSNIP1
INV37YHGHET,BSNIP1
INV81B5RFBR,BSNIP1
INV8TAB1G3H,BSNIP1
INVZWA8D8B2,BSNIP1
INVL9Z8JRHH,BSNIP1
INVF18PX3WY,BSNIP1
INV6WBVYB8F,BSNIP1
INV8EK8G8UN,BSNIP1
INVMX5CTMAP,BSNIP1
INVJ1LYFBEX,BSNIP1
INVV7YCFDT9,BSNIP1
INV4H0BR1EP,BSNIP1
INVW1PWHTEK,BSNIP1
INV2VEA6421,BSNIP1
INV4XLJHK2L,BSNIP1
INVGVXJ5GHY,BSNIP1
INVBEKLL87A,BSNIP1
INVPYBW8Z95,BSNIP1
INV880WRXBM,BSNIP1
INVPLXBLCEN,BSNIP1
INV5TDWKYD8,BSNIP1
INVEL57K1YW,BSNIP1
INV1XCNF4J5,BSNIP1
INVPYDGRHPX,BSNIP1
INV4URDJMNH,BSNIP1
INVZEB213F6,BSNIP1
INVMKYCVU2A,BSNIP1
INVAMJMEGKN,BSNIP1
INVKP7DWC5J,BSNIP1
INVUY9EBJ2X,BSNIP1
INVXNL0X68X,BSNIP1
INVJXJC4Y0Y,BSNIP1
INVJ032M12V,BSNIP1
INVH6CCYYHC,BSNIP1
INV75NLEMU2,BSNIP1
INVZ02T1GHE,BSNIP1
INVWRLFV1GG,BSNIP1
INV0P6J42E2,BSNIP1
INVBX6Y1PZW,BSNIP1
INVHTYNRZH0,BSNIP1
INVBFAZF3T6,BSNIP1
INVTFMLA6TH,BSNIP1
INV442NYCYT,BSNIP1
INVVPR7PEHW,BSNIP1
INV5M49FXV2,BSNIP1
INV0G5RXTCC,BSNIP1
INVZTBFRT07,BSNIP1
INV3M9H05M8,BSNIP1
INV55KY3YYJ,BSNIP1
INVJVKLJP7H,BSNIP1
INVFP0RDBAT,BSNIP1
INVRLJULMXV,BSNIP1
INV9X2EA0CR,BSNIP1
INV8BR1WGXN,BSNIP1
INVTNH6BJVG,BSNIP1
INVET1RDAWC,BSNIP1
INVVBU9KBXL,BSNIP1
INVKMTK12F8,BSNIP1
INVZ51UXU70,BSNIP1
INVXTMFWUFC,BSNIP1
INV9Z14YECR,BSNIP1
INV4NJ3U1EF,BSNIP1
INVCVDNU7H0,BSNIP1
INV14XK7P6E,BSNIP1
INV7YWAWPRA,BSNIP1
INVM7T5DWTC,BSNIP1
INV2AGFY4E3,BSNIP1
INVYAVA193A,BSNIP1
INV6CH6YU04,BSNIP1
INV4N8J75R7,BSNIP1
INVPL1A3KJH,BSNIP1
INV1PJ3KJPH,BSNIP1
INVMMT9LVXG,BSNIP1
INVAYCUFVUL,BSNIP1
INVX1B5BLKJ,BSNIP1
INVYC1FK6KP,BSNIP1
INVBPXNY30W,BSNIP1
INVC4ZT9Z1T,BSNIP1
INV4R68BPH9,BSNIP1
INVYVX1XKH3,BSNIP1
INV0TX86BZC,BSNIP1
INVVPW3T1AV,BSNIP1
INVWE6UTF96,BSNIP1
INVEAWZJ9C3,BSNIP1
INVPX9D7DX2,BSNIP1
INV80RD6NKC,BSNIP1
INVFHD1KJ23,BSNIP1
10704,CNP
10339,CNP
50054,CNP
60070,CNP
60087,CNP
50069,CNP
10963,CNP
50022,CNP
10934,CNP
10527,CNP
60089,CNP
60056,CNP
10365,CNP
50020,CNP
50083,CNP
11097,CNP
11030,CNP
50075,CNP
50007,CNP
10388,CNP
60005,CNP
70070,CNP
10290,CNP
10949,CNP
11108,CNP
60046,CNP
10506,CNP
60033,CNP
60012,CNP
70068,CNP
50015,CNP
11050,CNP
10273,CNP
10565,CNP
10638,CNP
50038,CNP
50067,CNP
10672,CNP
10785,CNP
11105,CNP
50056,CNP
50025,CNP
60022,CNP
50014,CNP
10668,CNP
50033,CNP
60077,CNP
10345,CNP
10631,CNP
70077,CNP
70069,CNP
50066,CNP
10325,CNP
10517,CNP
60010,CNP
70075,CNP
70065,CNP
50059,CNP
50013,CNP
60001,CNP
10280,CNP
70046,CNP
11019,CNP
10871,CNP
60016,CNP
70033,CNP
70052,CNP
10692,CNP
10958,CNP
60038,CNP
60084,CNP
10525,CNP
70022,CNP
50080,CNP
10678,CNP
50050,CNP
60052,CNP
10746,CNP
50064,CNP
60015,CNP
70086,CNP
10975,CNP
50076,CNP
10206,CNP
11128,CNP
10707,CNP
60028,CNP
10269,CNP
11077,CNP
60030,CNP
50073,CNP
10316,CNP
11052,CNP
50058,CNP
70029,CNP
70001,CNP
11082,CNP
70060,CNP
70058,CNP
60080,CNP
10788,CNP
60079,CNP
50053,CNP
10189,CNP
70015,CNP
10524,CNP
11088,CNP
50034,CNP
70017,CNP
11131,CNP
60042,CNP
10882,CNP
11044,CNP
70072,CNP
11061,CNP
10329,CNP
70079,CNP
11068,CNP
60037,CNP
70020,CNP
60006,CNP
10440,CNP
11098,CNP
60053,CNP
10968,CNP
50004,CNP
70049,CNP
70076,CNP
70026,CNP
50035,CNP
60057,CNP
50005,CNP
10708,CNP
60051,CNP
60074,CNP
10998,CNP
70040,CNP
10523,CNP
70007,CNP
10347,CNP
70037,CNP
60076,CNP
50010,CNP
60073,CNP
10624,CNP
10893,CNP
60048,CNP
10530,CNP
60011,CNP
10171,CNP
50043,CNP
50077,CNP
11104,CNP
10570,CNP
11142,CNP
11149,CNP
50036,CNP
10471,CNP
50055,CNP
10575,CNP
50061,CNP
60072,CNP
60062,CNP
60017,CNP
10891,CNP
10487,CNP
10274,CNP
10217,CNP
10877,CNP
70021,CNP
70010,CNP
10686,CNP
10429,CNP
60043,CNP
10697,CNP
11090,CNP
60055,CNP
10356,CNP
10304,CNP
60068,CNP
11066,CNP
11067,CNP
10340,CNP
10844,CNP
10719,CNP
60014,CNP
10977,CNP
60020,CNP
10249,CNP
70081,CNP
50027,CNP
10438,CNP
10271,CNP
10779,CNP
50021,CNP
10478,CNP
50081,CNP
60065,CNP
10448,CNP
10680,CNP
50047,CNP
11112,CNP
10912,CNP
10460,CNP
10948,CNP
50049,CNP
70074,CNP
50085,CNP
50023,CNP
10492,CNP
60008,CNP
50060,CNP
70004,CNP
10762,CNP
10292,CNP
11122,CNP
60036,CNP
10361,CNP
70080,CNP
50048,CNP
60049,CNP
11059,CNP
11106,CNP
70034,CNP
70057,CNP
10455,CNP
50016,CNP
10235,CNP
70051,CNP
50008,CNP
10227,CNP
60045,CNP
70073,CNP
50051,CNP
10940,CNP
60078,CNP
50032,CNP
10855,CNP
10724,CNP
11156,CNP
10321,CNP
10629,CNP
10987,CNP
50052,CNP
70061,CNP
70083,CNP
10193,CNP
10228,CNP
60060,CNP
50029,CNP
70048,CNP
70055,CNP
11143,CNP
10674,CNP
10557,CNP
10376,CNP
60066,CNP
10696,CNP
10225,CNP
60021,CNP
50006,CNP
SS103,CANDI
HC027,CANDI
BPDwPsy071,CANDI
BPDwoPsy043,CANDI
BPDwoPsy047,CANDI
SS089,CANDI
HC023,CANDI
BPDwoPsy045,CANDI
SS088,CANDI
BPDwoPsy039,CANDI
BPDwPsy072,CANDI
BPDwoPsy030,CANDI
SS084,CANDI
SS094,CANDI
HC026,CANDI
SS092,CANDI
BPDwPsy080,CANDI
HC025,CANDI
BPDwPsy083,CANDI
SS091,CANDI
BPDwPsy066,CANDI
BPDwoPsy062,CANDI
BPDwoPsy064,CANDI
BPDwoPsy037,CANDI
SS095,CANDI
BPDwoPsy049,CANDI
BPDwPsy070,CANDI
HC005,CANDI
HC018,CANDI
BPDwoPsy032,CANDI
HC029,CANDI
HC006,CANDI
BPDwPsy069,CANDI
BPDwoPsy042,CANDI
BPDwPsy082,CANDI
HC019,CANDI
HC011,CANDI
BPDwPsy079,CANDI
BPDwoPsy060,CANDI
BPDwPsy074,CANDI
SS096,CANDI
SS097,CANDI
BPDwPsy077,CANDI
BPDwPsy075,CANDI
HC015,CANDI
HC017,CANDI
BPDwPsy073,CANDI
BPDwPsy078,CANDI
HC024,CANDI
BPDwoPsy046,CANDI
HC020,CANDI
BPDwoPsy061,CANDI
BPDwoPsy050,CANDI
HC028,CANDI
BPDwoPsy048,CANDI
SS090,CANDI
BPDwoPsy035,CANDI
BPDwPsy081,CANDI
HC021,CANDI
SS085,CANDI
SS086,CANDI
HC009,CANDI
BPDwoPsy054,CANDI
BPDwoPsy044,CANDI
BPDwoPsy051,CANDI
SS101,CANDI
BPDwPsy067,CANDI
HC008,CANDI
SS102,CANDI
HC016,CANDI
HC013,CANDI
BPDwoPsy057,CANDI
BPDwoPsy053,CANDI
BPDwPsy065,CANDI
BPDwoPsy033,CANDI
BPDwoPsy052,CANDI
BPDwoPsy031,CANDI
BPDwoPsy038,CANDI
SS087,CANDI
BPDwPsy076,CANDI
HC002,CANDI
SS093,CANDI
SS100,CANDI
SS099,CANDI
BPDwoPsy063,CANDI
HC012,CANDI
BPDwPsy068,CANDI
BPDwoPsy034,CANDI
HC010,CANDI
BPDwoPsy056,CANDI
BPDwoPsy040,CANDI
HC001,CANDI
BPDwoPsy059,CANDI
BPDwoPsy058,CANDI
HC014,CANDI
BPDwoPsy036,CANDI
BPDwoPsy041,CANDI
